CompanyID,AnnualReportID,ReportingYear,Criteria_1,Criteria_2,Criteria_3,Criteria_4,Criteria_5,SubmissionDate
COMP001,AR-2021-COMP001,2021,2,,1,5,4,4/21/2022
COMP001,AR-2022-COMP001,2022,5,1,5,,,2/5/2023
COMP001,AR-2023-COMP001,2023,2,2,3,,,4/27/2024
COMP001,AR-2024-COMP001,2024,1,5,4,2,,3/14/2025
COMP001,AR-2025-COMP001,2025,4,3,,2,4,5/7/2026
COMP001,AR-2026-COMP001,2026,,,,4,,3/31/2027
COMP002,AR-2021-COMP002,2021,,5,2,5,3,4/23/2022
COMP002,AR-2022-COMP002,2022,1,3,2,5,2,2/9/2023
COMP002,AR-2023-COMP002,2023,5,5,4,,,2/9/2024
COMP002,AR-2024-COMP002,2024,4,5,2,4,1,2/15/2025
COMP002,AR-2025-COMP002,2025,,2,5,,5,2/2/2026
COMP002,AR-2026-COMP002,2026,,4,5,4,5,5/13/2027
COMP003,AR-2021-COMP003,2021,1,3,1,3,3,2/14/2022
COMP003,AR-2022-COMP003,2022,2,1,3,1,4,4/14/2023
COMP003,AR-2023-COMP003,2023,4,,5,2,5,3/17/2024
COMP003,AR-2024-COMP003,2024,4,3,,,1,5/4/2025
COMP003,AR-2025-COMP003,2025,3,3,,2,3,4/10/2026
COMP003,AR-2026-COMP003,2026,4,,4,5,2,3/11/2027
COMP004,AR-2021-COMP004,2021,5,2,4,5,2,4/20/2022
COMP004,AR-2022-COMP004,2022,2,1,1,1,,5/13/2023
COMP004,AR-2023-COMP004,2023,2,1,1,5,3,2/12/2024
COMP004,AR-2024-COMP004,2024,3,2,4,4,2,4/28/2025
COMP004,AR-2025-COMP004,2025,,5,,,1,3/20/2026
COMP004,AR-2026-COMP004,2026,2,,3,4,1,2/1/2027
COMP005,AR-2021-COMP005,2021,1,3,2,4,2,2/16/2022
COMP005,AR-2022-COMP005,2022,,5,1,5,3,3/28/2023
COMP005,AR-2023-COMP005,2023,4,4,1,1,1,5/12/2024
COMP005,AR-2024-COMP005,2024,3,,1,2,2,4/24/2025
COMP005,AR-2025-COMP005,2025,1,4,1,2,,2/21/2026
COMP005,AR-2026-COMP005,2026,1,,2,5,3,2/20/2027
COMP006,AR-2021-COMP006,2021,,1,4,3,4,2/14/2022
COMP006,AR-2022-COMP006,2022,1,4,5,1,3,3/12/2023
COMP006,AR-2023-COMP006,2023,3,5,2,4,4,5/21/2024
COMP006,AR-2024-COMP006,2024,4,,3,2,1,2/13/2025
COMP006,AR-2025-COMP006,2025,2,5,4,3,3,5/26/2026
COMP006,AR-2026-COMP006,2026,4,5,,5,1,4/28/2027
COMP007,AR-2021-COMP007,2021,3,1,2,,1,4/19/2022
COMP007,AR-2022-COMP007,2022,5,2,,1,5,3/31/2023
COMP007,AR-2023-COMP007,2023,4,4,1,5,2,3/20/2024
COMP007,AR-2024-COMP007,2024,2,1,1,1,2,2/3/2025
COMP007,AR-2025-COMP007,2025,1,3,4,2,3,4/1/2026
COMP007,AR-2026-COMP007,2026,,5,3,3,2,4/13/2027
COMP008,AR-2021-COMP008,2021,5,1,4,5,,3/21/2022
COMP008,AR-2022-COMP008,2022,4,3,4,5,2,4/26/2023
COMP008,AR-2023-COMP008,2023,,1,,1,1,4/29/2024
COMP008,AR-2024-COMP008,2024,1,5,4,,1,2/16/2025
COMP008,AR-2025-COMP008,2025,5,5,,3,3,2/24/2026
COMP008,AR-2026-COMP008,2026,1,4,5,5,3,2/2/2027
COMP009,AR-2021-COMP009,2021,5,3,4,1,1,3/9/2022
COMP009,AR-2022-COMP009,2022,,3,,3,,4/11/2023
COMP009,AR-2023-COMP009,2023,1,4,5,5,5,3/14/2024
COMP009,AR-2024-COMP009,2024,4,1,2,,4,3/9/2025
COMP009,AR-2025-COMP009,2025,,5,2,,,4/22/2026
COMP009,AR-2026-COMP009,2026,2,4,,5,4,3/28/2027
COMP010,AR-2021-COMP010,2021,4,3,5,5,2,4/20/2022
COMP010,AR-2022-COMP010,2022,1,4,4,1,1,3/12/2023
COMP010,AR-2023-COMP010,2023,3,1,,5,3,4/11/2024
COMP010,AR-2024-COMP010,2024,,1,4,5,,3/16/2025
COMP010,AR-2025-COMP010,2025,4,3,4,3,4,5/31/2026
COMP010,AR-2026-COMP010,2026,1,1,5,3,2,5/2/2027
COMP011,AR-2021-COMP011,2021,2,3,3,4,1,3/30/2022
COMP011,AR-2022-COMP011,2022,2,1,2,5,1,3/28/2023
COMP011,AR-2023-COMP011,2023,2,2,4,4,4,2/5/2024
COMP011,AR-2024-COMP011,2024,5,,,2,5,4/24/2025
COMP011,AR-2025-COMP011,2025,,3,1,2,3,3/13/2026
COMP011,AR-2026-COMP011,2026,,4,5,3,4,5/15/2027
COMP012,AR-2021-COMP012,2021,3,5,3,5,3,4/13/2022
COMP012,AR-2022-COMP012,2022,5,4,5,4,,2/26/2023
COMP012,AR-2023-COMP012,2023,1,4,4,4,5,4/18/2024
COMP012,AR-2024-COMP012,2024,1,3,4,4,2,3/23/2025
COMP012,AR-2025-COMP012,2025,3,,,1,5,5/1/2026
COMP012,AR-2026-COMP012,2026,3,,5,5,2,2/4/2027
COMP013,AR-2021-COMP013,2021,1,4,5,,,5/6/2022
COMP013,AR-2022-COMP013,2022,5,5,5,2,2,4/3/2023
COMP013,AR-2023-COMP013,2023,5,1,2,3,5,2/8/2024
COMP013,AR-2024-COMP013,2024,3,4,3,5,1,2/14/2025
COMP013,AR-2025-COMP013,2025,1,5,3,,,2/28/2026
COMP013,AR-2026-COMP013,2026,1,2,4,2,,3/21/2027
COMP014,AR-2021-COMP014,2021,2,,2,,2,3/16/2022
COMP014,AR-2022-COMP014,2022,4,3,2,4,1,5/25/2023
COMP014,AR-2023-COMP014,2023,4,3,,2,,3/24/2024
COMP014,AR-2024-COMP014,2024,4,,4,2,3,3/29/2025
COMP014,AR-2025-COMP014,2025,2,2,4,3,,4/13/2026
COMP014,AR-2026-COMP014,2026,,5,3,2,5,5/17/2027
COMP015,AR-2021-COMP015,2021,1,4,3,5,4,2/10/2022
COMP015,AR-2022-COMP015,2022,1,3,4,5,4,2/2/2023
COMP015,AR-2023-COMP015,2023,3,3,2,4,2,4/18/2024
COMP015,AR-2024-COMP015,2024,4,2,2,5,,2/12/2025
COMP015,AR-2025-COMP015,2025,1,5,1,2,3,5/27/2026
COMP015,AR-2026-COMP015,2026,4,3,,5,3,2/18/2027
COMP016,AR-2021-COMP016,2021,,1,4,3,2,3/26/2022
COMP016,AR-2022-COMP016,2022,1,1,5,1,4,2/10/2023
COMP016,AR-2023-COMP016,2023,4,1,,5,2,3/3/2024
COMP016,AR-2024-COMP016,2024,5,4,,3,4,2/6/2025
COMP016,AR-2025-COMP016,2025,2,4,2,1,3,2/4/2026
COMP016,AR-2026-COMP016,2026,2,2,4,,5,4/27/2027
COMP017,AR-2021-COMP017,2021,2,1,2,,3,4/22/2022
COMP017,AR-2022-COMP017,2022,,3,4,1,5,4/6/2023
COMP017,AR-2023-COMP017,2023,3,3,3,1,1,2/4/2024
COMP017,AR-2024-COMP017,2024,5,3,2,4,2,4/24/2025
COMP017,AR-2025-COMP017,2025,1,5,5,1,2,3/12/2026
COMP017,AR-2026-COMP017,2026,2,5,5,4,,4/21/2027
COMP018,AR-2021-COMP018,2021,,2,1,,4,4/10/2022
COMP018,AR-2022-COMP018,2022,5,,4,5,3,5/29/2023
COMP018,AR-2023-COMP018,2023,5,3,,5,1,4/8/2024
COMP018,AR-2024-COMP018,2024,4,1,3,1,3,2/13/2025
COMP018,AR-2025-COMP018,2025,5,1,2,,2,4/5/2026
COMP018,AR-2026-COMP018,2026,1,3,4,1,2,3/8/2027
COMP019,AR-2021-COMP019,2021,1,,3,1,4,2/28/2022
COMP019,AR-2022-COMP019,2022,5,1,,,2,2/9/2023
COMP019,AR-2023-COMP019,2023,5,2,2,4,2,2/7/2024
COMP019,AR-2024-COMP019,2024,,1,1,,4,3/9/2025
COMP019,AR-2025-COMP019,2025,4,4,1,,,4/11/2026
COMP019,AR-2026-COMP019,2026,,,5,4,4,3/24/2027
COMP020,AR-2021-COMP020,2021,4,5,,2,1,5/16/2022
COMP020,AR-2022-COMP020,2022,3,4,,1,5,5/16/2023
COMP020,AR-2023-COMP020,2023,1,1,4,5,1,5/30/2024
COMP020,AR-2024-COMP020,2024,2,,3,1,2,3/12/2025
COMP020,AR-2025-COMP020,2025,,2,4,,2,3/5/2026
COMP020,AR-2026-COMP020,2026,5,2,4,3,5,5/22/2027
COMP021,AR-2021-COMP021,2021,1,5,2,3,,5/1/2022
COMP021,AR-2022-COMP021,2022,5,,3,3,,5/24/2023
COMP021,AR-2023-COMP021,2023,3,3,5,1,,4/30/2024
COMP021,AR-2024-COMP021,2024,4,2,2,1,4,5/31/2025
COMP021,AR-2025-COMP021,2025,4,2,1,4,1,3/3/2026
COMP021,AR-2026-COMP021,2026,4,3,,,4,5/19/2027
COMP022,AR-2021-COMP022,2021,5,4,2,1,5,4/28/2022
COMP022,AR-2022-COMP022,2022,5,,5,3,1,3/18/2023
COMP022,AR-2023-COMP022,2023,3,3,4,1,,2/23/2024
COMP022,AR-2024-COMP022,2024,,,5,2,5,5/5/2025
COMP022,AR-2025-COMP022,2025,5,4,4,,1,3/11/2026
COMP022,AR-2026-COMP022,2026,2,,,,,2/23/2027
COMP023,AR-2021-COMP023,2021,1,5,3,2,3,5/16/2022
COMP023,AR-2022-COMP023,2022,,4,,3,2,5/30/2023
COMP023,AR-2023-COMP023,2023,3,1,3,4,3,3/29/2024
COMP023,AR-2024-COMP023,2024,4,3,3,2,4,3/29/2025
COMP023,AR-2025-COMP023,2025,1,1,4,,3,4/29/2026
COMP023,AR-2026-COMP023,2026,3,1,5,5,1,2/14/2027
COMP024,AR-2021-COMP024,2021,3,,3,3,3,2/27/2022
COMP024,AR-2022-COMP024,2022,,2,,4,2,5/1/2023
COMP024,AR-2023-COMP024,2023,,3,5,4,,3/7/2024
COMP024,AR-2024-COMP024,2024,2,5,,3,4,3/7/2025
COMP024,AR-2025-COMP024,2025,4,4,5,,,4/23/2026
COMP024,AR-2026-COMP024,2026,4,4,3,1,4,2/9/2027
COMP025,AR-2021-COMP025,2021,5,1,3,4,4,4/4/2022
COMP025,AR-2022-COMP025,2022,1,3,1,5,,3/6/2023
COMP025,AR-2023-COMP025,2023,1,2,3,5,2,2/17/2024
COMP025,AR-2024-COMP025,2024,3,1,3,3,2,3/8/2025
COMP025,AR-2025-COMP025,2025,5,4,4,3,4,2/20/2026
COMP025,AR-2026-COMP025,2026,2,4,3,1,2,2/13/2027
COMP026,AR-2021-COMP026,2021,2,5,4,4,1,4/15/2022
COMP026,AR-2022-COMP026,2022,3,5,4,5,5,2/28/2023
COMP026,AR-2023-COMP026,2023,2,1,5,2,3,3/26/2024
COMP026,AR-2024-COMP026,2024,1,,2,4,3,5/16/2025
COMP026,AR-2025-COMP026,2025,2,2,4,3,5,3/13/2026
COMP026,AR-2026-COMP026,2026,5,5,5,5,3,2/6/2027
COMP027,AR-2021-COMP027,2021,5,3,5,,,2/12/2022
COMP027,AR-2022-COMP027,2022,2,2,3,2,,2/19/2023
COMP027,AR-2023-COMP027,2023,3,1,4,4,4,2/11/2024
COMP027,AR-2024-COMP027,2024,1,,,3,1,4/21/2025
COMP027,AR-2025-COMP027,2025,5,3,1,4,5,5/28/2026
COMP027,AR-2026-COMP027,2026,2,2,3,1,3,2/17/2027
COMP028,AR-2021-COMP028,2021,3,3,5,4,,4/20/2022
COMP028,AR-2022-COMP028,2022,2,3,,4,5,5/12/2023
COMP028,AR-2023-COMP028,2023,4,5,1,1,,4/17/2024
COMP028,AR-2024-COMP028,2024,,5,,2,5,4/28/2025
COMP028,AR-2025-COMP028,2025,2,4,4,5,5,5/23/2026
COMP028,AR-2026-COMP028,2026,3,2,5,3,5,4/15/2027
COMP029,AR-2021-COMP029,2021,5,5,1,,,4/4/2022
COMP029,AR-2022-COMP029,2022,1,5,1,2,2,5/16/2023
COMP029,AR-2023-COMP029,2023,,5,3,1,3,5/23/2024
COMP029,AR-2024-COMP029,2024,3,2,2,5,2,2/14/2025
COMP029,AR-2025-COMP029,2025,,3,5,2,,5/18/2026
COMP029,AR-2026-COMP029,2026,3,5,3,5,5,5/21/2027
COMP030,AR-2021-COMP030,2021,2,1,3,5,,4/7/2022
COMP030,AR-2022-COMP030,2022,4,5,1,3,3,4/30/2023
COMP030,AR-2023-COMP030,2023,3,2,2,3,1,2/2/2024
COMP030,AR-2024-COMP030,2024,2,5,1,4,3,3/31/2025
COMP030,AR-2025-COMP030,2025,5,,,3,2,5/14/2026
COMP030,AR-2026-COMP030,2026,5,4,4,,4,5/2/2027
COMP031,AR-2021-COMP031,2021,1,1,2,3,1,5/9/2022
COMP031,AR-2022-COMP031,2022,2,5,4,,4,4/20/2023
COMP031,AR-2023-COMP031,2023,3,4,4,2,2,5/11/2024
COMP031,AR-2024-COMP031,2024,5,5,2,1,,2/8/2025
COMP031,AR-2025-COMP031,2025,3,,3,2,,3/17/2026
COMP031,AR-2026-COMP031,2026,3,4,,1,4,5/14/2027
COMP032,AR-2021-COMP032,2021,4,1,1,1,3,3/6/2022
COMP032,AR-2022-COMP032,2022,3,5,5,3,4,5/1/2023
COMP032,AR-2023-COMP032,2023,2,2,2,5,4,4/5/2024
COMP032,AR-2024-COMP032,2024,2,,3,1,5,4/13/2025
COMP032,AR-2025-COMP032,2025,5,,4,3,1,4/23/2026
COMP032,AR-2026-COMP032,2026,1,2,,1,5,2/14/2027
COMP033,AR-2021-COMP033,2021,3,,,2,5,5/3/2022
COMP033,AR-2022-COMP033,2022,1,4,1,1,1,3/18/2023
COMP033,AR-2023-COMP033,2023,,2,3,5,5,4/10/2024
COMP033,AR-2024-COMP033,2024,5,5,1,1,1,5/9/2025
COMP033,AR-2025-COMP033,2025,5,,5,2,2,3/7/2026
COMP033,AR-2026-COMP033,2026,5,,1,5,4,3/9/2027
COMP034,AR-2021-COMP034,2021,4,3,2,1,1,4/17/2022
COMP034,AR-2022-COMP034,2022,3,2,,4,2,3/3/2023
COMP034,AR-2023-COMP034,2023,,,3,,1,3/25/2024
COMP034,AR-2024-COMP034,2024,1,,2,,5,3/29/2025
COMP034,AR-2025-COMP034,2025,2,2,2,,3,3/1/2026
COMP034,AR-2026-COMP034,2026,4,5,,2,3,5/15/2027
COMP035,AR-2021-COMP035,2021,5,,1,,1,2/8/2022
COMP035,AR-2022-COMP035,2022,2,2,1,3,2,2/3/2023
COMP035,AR-2023-COMP035,2023,3,3,4,5,3,4/20/2024
COMP035,AR-2024-COMP035,2024,,1,3,4,2,5/8/2025
COMP035,AR-2025-COMP035,2025,3,3,3,2,5,3/26/2026
COMP035,AR-2026-COMP035,2026,2,3,3,5,5,4/15/2027
COMP036,AR-2021-COMP036,2021,4,2,4,,1,5/31/2022
COMP036,AR-2022-COMP036,2022,3,3,,1,1,3/13/2023
COMP036,AR-2023-COMP036,2023,,3,5,,3,3/18/2024
COMP036,AR-2024-COMP036,2024,3,,3,,2,5/1/2025
COMP036,AR-2025-COMP036,2025,5,,4,4,3,3/3/2026
COMP036,AR-2026-COMP036,2026,4,5,1,5,4,2/17/2027
COMP037,AR-2021-COMP037,2021,2,1,3,5,2,5/6/2022
COMP037,AR-2022-COMP037,2022,1,4,2,,2,3/6/2023
COMP037,AR-2023-COMP037,2023,2,4,5,3,1,3/30/2024
COMP037,AR-2024-COMP037,2024,5,1,4,,2,5/13/2025
COMP037,AR-2025-COMP037,2025,4,2,2,4,1,3/29/2026
COMP037,AR-2026-COMP037,2026,,1,3,5,2,5/1/2027
COMP038,AR-2021-COMP038,2021,4,4,5,1,1,3/28/2022
COMP038,AR-2022-COMP038,2022,3,,4,2,,2/1/2023
COMP038,AR-2023-COMP038,2023,1,,1,3,1,4/5/2024
COMP038,AR-2024-COMP038,2024,4,1,2,4,3,4/28/2025
COMP038,AR-2025-COMP038,2025,5,4,,2,5,5/4/2026
COMP038,AR-2026-COMP038,2026,1,3,5,4,1,2/12/2027
COMP039,AR-2021-COMP039,2021,4,4,3,,2,2/4/2022
COMP039,AR-2022-COMP039,2022,5,,3,3,,4/20/2023
COMP039,AR-2023-COMP039,2023,2,3,,1,,2/22/2024
COMP039,AR-2024-COMP039,2024,,2,5,,1,2/13/2025
COMP039,AR-2025-COMP039,2025,,1,5,4,1,2/5/2026
COMP039,AR-2026-COMP039,2026,2,4,1,1,4,4/14/2027
COMP040,AR-2021-COMP040,2021,5,3,2,4,,5/2/2022
COMP040,AR-2022-COMP040,2022,5,5,5,4,4,5/7/2023
COMP040,AR-2023-COMP040,2023,4,3,5,1,3,5/4/2024
COMP040,AR-2024-COMP040,2024,3,1,5,4,5,2/20/2025
COMP040,AR-2025-COMP040,2025,4,5,,3,2,4/20/2026
COMP040,AR-2026-COMP040,2026,,5,1,4,1,5/30/2027
COMP041,AR-2021-COMP041,2021,1,1,3,,3,5/7/2022
COMP041,AR-2022-COMP041,2022,1,5,1,4,2,4/30/2023
COMP041,AR-2023-COMP041,2023,,3,1,1,5,2/11/2024
COMP041,AR-2024-COMP041,2024,1,,2,1,5,5/22/2025
COMP041,AR-2025-COMP041,2025,,3,,5,4,3/26/2026
COMP041,AR-2026-COMP041,2026,2,4,1,2,5,4/6/2027
COMP042,AR-2021-COMP042,2021,5,4,,1,5,2/2/2022
COMP042,AR-2022-COMP042,2022,2,4,3,,5,3/30/2023
COMP042,AR-2023-COMP042,2023,2,4,2,,2,5/20/2024
COMP042,AR-2024-COMP042,2024,3,1,3,3,4,4/2/2025
COMP042,AR-2025-COMP042,2025,3,5,,4,1,4/11/2026
COMP042,AR-2026-COMP042,2026,,2,1,,1,3/12/2027
COMP043,AR-2021-COMP043,2021,5,5,1,3,2,4/14/2022
COMP043,AR-2022-COMP043,2022,4,3,2,5,1,4/26/2023
COMP043,AR-2023-COMP043,2023,4,2,5,,,3/13/2024
COMP043,AR-2024-COMP043,2024,2,,5,1,,4/5/2025
COMP043,AR-2025-COMP043,2025,5,5,1,4,3,2/24/2026
COMP043,AR-2026-COMP043,2026,5,,3,4,2,4/14/2027
COMP044,AR-2021-COMP044,2021,2,4,,1,4,2/13/2022
COMP044,AR-2022-COMP044,2022,5,,4,,,5/10/2023
COMP044,AR-2023-COMP044,2023,,4,1,2,2,2/3/2024
COMP044,AR-2024-COMP044,2024,3,1,5,5,3,2/12/2025
COMP044,AR-2025-COMP044,2025,5,5,1,1,5,4/5/2026
COMP044,AR-2026-COMP044,2026,1,5,5,3,2,5/13/2027
COMP045,AR-2021-COMP045,2021,2,4,3,3,3,2/14/2022
COMP045,AR-2022-COMP045,2022,4,1,,2,4,4/25/2023
COMP045,AR-2023-COMP045,2023,1,4,1,,2,5/17/2024
COMP045,AR-2024-COMP045,2024,3,3,,4,3,4/27/2025
COMP045,AR-2025-COMP045,2025,4,5,4,1,4,4/5/2026
COMP045,AR-2026-COMP045,2026,3,3,,2,5,2/2/2027
COMP046,AR-2021-COMP046,2021,4,,,4,5,5/25/2022
COMP046,AR-2022-COMP046,2022,5,5,4,4,3,5/1/2023
COMP046,AR-2023-COMP046,2023,2,2,5,2,4,2/17/2024
COMP046,AR-2024-COMP046,2024,2,3,5,1,2,5/21/2025
COMP046,AR-2025-COMP046,2025,5,1,2,2,2,2/4/2026
COMP046,AR-2026-COMP046,2026,1,3,,4,5,3/19/2027
COMP047,AR-2021-COMP047,2021,4,3,5,1,2,2/27/2022
COMP047,AR-2022-COMP047,2022,4,5,,2,4,5/10/2023
COMP047,AR-2023-COMP047,2023,5,,,5,4,5/13/2024
COMP047,AR-2024-COMP047,2024,5,5,3,2,1,5/13/2025
COMP047,AR-2025-COMP047,2025,1,4,1,3,5,3/18/2026
COMP047,AR-2026-COMP047,2026,,3,5,3,3,2/23/2027
COMP048,AR-2021-COMP048,2021,4,2,2,,1,4/11/2022
COMP048,AR-2022-COMP048,2022,,1,2,3,1,3/17/2023
COMP048,AR-2023-COMP048,2023,,,4,,4,4/8/2024
COMP048,AR-2024-COMP048,2024,3,5,5,,3,4/3/2025
COMP048,AR-2025-COMP048,2025,1,4,1,3,1,2/23/2026
COMP048,AR-2026-COMP048,2026,4,3,5,3,4,3/3/2027
COMP049,AR-2021-COMP049,2021,5,3,,2,4,5/29/2022
COMP049,AR-2022-COMP049,2022,4,3,1,5,5,3/30/2023
COMP049,AR-2023-COMP049,2023,3,,1,1,4,2/13/2024
COMP049,AR-2024-COMP049,2024,3,4,,,4,4/19/2025
COMP049,AR-2025-COMP049,2025,1,1,2,5,3,2/28/2026
COMP049,AR-2026-COMP049,2026,3,4,3,4,5,5/2/2027
COMP050,AR-2021-COMP050,2021,3,5,1,1,5,5/2/2022
COMP050,AR-2022-COMP050,2022,,2,1,5,4,4/16/2023
COMP050,AR-2023-COMP050,2023,,4,,3,2,2/9/2024
COMP050,AR-2024-COMP050,2024,2,2,,,1,2/4/2025
COMP050,AR-2025-COMP050,2025,3,1,,3,,5/22/2026
COMP050,AR-2026-COMP050,2026,3,3,,2,4,3/23/2027
COMP051,AR-2021-COMP051,2021,,1,3,3,,5/23/2022
COMP051,AR-2022-COMP051,2022,4,2,4,5,5,3/15/2023
COMP051,AR-2023-COMP051,2023,5,2,4,4,2,5/17/2024
COMP051,AR-2024-COMP051,2024,,3,1,5,5,4/20/2025
COMP051,AR-2025-COMP051,2025,3,3,,1,1,2/19/2026
COMP051,AR-2026-COMP051,2026,4,3,3,4,3,2/6/2027
COMP052,AR-2021-COMP052,2021,4,3,2,,3,5/24/2022
COMP052,AR-2022-COMP052,2022,1,1,5,3,5,3/2/2023
COMP052,AR-2023-COMP052,2023,,2,,4,4,3/24/2024
COMP052,AR-2024-COMP052,2024,4,2,4,1,4,5/29/2025
COMP052,AR-2025-COMP052,2025,5,4,3,5,,4/27/2026
COMP052,AR-2026-COMP052,2026,4,2,4,4,1,3/25/2027
COMP053,AR-2021-COMP053,2021,3,2,4,,,2/4/2022
COMP053,AR-2022-COMP053,2022,1,1,3,,,2/17/2023
COMP053,AR-2023-COMP053,2023,3,4,5,4,3,4/6/2024
COMP053,AR-2024-COMP053,2024,5,,5,,2,2/1/2025
COMP053,AR-2025-COMP053,2025,5,2,1,5,4,5/26/2026
COMP053,AR-2026-COMP053,2026,5,3,1,,2,4/27/2027
COMP054,AR-2021-COMP054,2021,1,3,3,,1,3/1/2022
COMP054,AR-2022-COMP054,2022,5,1,1,1,1,5/21/2023
COMP054,AR-2023-COMP054,2023,3,1,2,4,4,4/8/2024
COMP054,AR-2024-COMP054,2024,3,5,4,3,,5/14/2025
COMP054,AR-2025-COMP054,2025,,4,3,3,1,5/17/2026
COMP054,AR-2026-COMP054,2026,,3,3,,4,5/9/2027
COMP055,AR-2021-COMP055,2021,1,3,1,4,2,5/2/2022
COMP055,AR-2022-COMP055,2022,2,2,2,2,5,3/15/2023
COMP055,AR-2023-COMP055,2023,2,5,4,1,1,5/31/2024
COMP055,AR-2024-COMP055,2024,3,4,5,,3,2/6/2025
COMP055,AR-2025-COMP055,2025,5,3,2,1,4,5/21/2026
COMP055,AR-2026-COMP055,2026,4,3,5,,3,2/11/2027
COMP056,AR-2021-COMP056,2021,2,2,3,3,,3/7/2022
COMP056,AR-2022-COMP056,2022,2,1,3,1,3,2/17/2023
COMP056,AR-2023-COMP056,2023,2,4,,1,2,3/10/2024
COMP056,AR-2024-COMP056,2024,4,3,,3,2,4/8/2025
COMP056,AR-2025-COMP056,2025,,1,1,2,,4/30/2026
COMP056,AR-2026-COMP056,2026,5,3,3,5,4,4/11/2027
COMP057,AR-2021-COMP057,2021,4,2,2,1,4,5/13/2022
COMP057,AR-2022-COMP057,2022,,3,4,1,5,4/16/2023
COMP057,AR-2023-COMP057,2023,2,5,2,1,2,3/23/2024
COMP057,AR-2024-COMP057,2024,1,1,2,2,,4/3/2025
COMP057,AR-2025-COMP057,2025,2,3,,5,3,2/19/2026
COMP057,AR-2026-COMP057,2026,2,3,4,3,5,5/18/2027
COMP058,AR-2021-COMP058,2021,5,1,3,2,4,5/24/2022
COMP058,AR-2022-COMP058,2022,4,1,3,3,4,2/11/2023
COMP058,AR-2023-COMP058,2023,5,,1,,,4/16/2024
COMP058,AR-2024-COMP058,2024,2,3,,4,3,2/12/2025
COMP058,AR-2025-COMP058,2025,4,2,,3,4,4/16/2026
COMP058,AR-2026-COMP058,2026,5,3,5,2,1,5/11/2027
COMP059,AR-2021-COMP059,2021,2,3,,4,3,3/28/2022
COMP059,AR-2022-COMP059,2022,3,3,4,5,,5/24/2023
COMP059,AR-2023-COMP059,2023,4,3,,5,2,4/13/2024
COMP059,AR-2024-COMP059,2024,4,,,4,1,4/30/2025
COMP059,AR-2025-COMP059,2025,2,3,,3,3,2/12/2026
COMP059,AR-2026-COMP059,2026,4,3,3,3,2,3/1/2027
COMP060,AR-2021-COMP060,2021,4,5,4,,4,2/23/2022
COMP060,AR-2022-COMP060,2022,,2,1,3,4,4/14/2023
COMP060,AR-2023-COMP060,2023,1,5,4,2,2,5/2/2024
COMP060,AR-2024-COMP060,2024,3,2,4,,2,2/15/2025
COMP060,AR-2025-COMP060,2025,1,1,3,4,5,3/18/2026
COMP060,AR-2026-COMP060,2026,2,1,3,5,4,5/9/2027
COMP061,AR-2021-COMP061,2021,2,4,3,4,5,2/21/2022
COMP061,AR-2022-COMP061,2022,2,3,1,2,,5/30/2023
COMP061,AR-2023-COMP061,2023,1,5,5,5,,2/19/2024
COMP061,AR-2024-COMP061,2024,3,2,5,,3,4/25/2025
COMP061,AR-2025-COMP061,2025,5,,,5,3,2/8/2026
COMP061,AR-2026-COMP061,2026,2,2,,5,3,4/14/2027
COMP062,AR-2021-COMP062,2021,,,2,3,3,3/16/2022
COMP062,AR-2022-COMP062,2022,5,1,4,4,4,5/2/2023
COMP062,AR-2023-COMP062,2023,,,2,,3,3/24/2024
COMP062,AR-2024-COMP062,2024,2,5,2,2,5,3/13/2025
COMP062,AR-2025-COMP062,2025,2,2,2,2,3,3/2/2026
COMP062,AR-2026-COMP062,2026,2,,5,,1,3/23/2027
COMP063,AR-2021-COMP063,2021,4,,4,,5,3/9/2022
COMP063,AR-2022-COMP063,2022,,2,5,5,5,2/12/2023
COMP063,AR-2023-COMP063,2023,3,2,1,1,4,2/20/2024
COMP063,AR-2024-COMP063,2024,4,5,3,5,3,3/6/2025
COMP063,AR-2025-COMP063,2025,,1,3,4,4,5/19/2026
COMP063,AR-2026-COMP063,2026,,1,1,4,1,5/6/2027
COMP064,AR-2021-COMP064,2021,5,1,3,3,5,2/13/2022
COMP064,AR-2022-COMP064,2022,3,1,4,2,3,4/13/2023
COMP064,AR-2023-COMP064,2023,2,4,4,1,4,3/13/2024
COMP064,AR-2024-COMP064,2024,5,3,4,2,3,3/25/2025
COMP064,AR-2025-COMP064,2025,1,5,3,,,3/19/2026
COMP064,AR-2026-COMP064,2026,1,2,3,2,2,3/26/2027
COMP065,AR-2021-COMP065,2021,,3,1,2,2,3/24/2022
COMP065,AR-2022-COMP065,2022,,,,4,1,3/7/2023
COMP065,AR-2023-COMP065,2023,2,3,2,2,3,3/9/2024
COMP065,AR-2024-COMP065,2024,3,5,4,3,1,3/8/2025
COMP065,AR-2025-COMP065,2025,4,2,2,5,3,5/4/2026
COMP065,AR-2026-COMP065,2026,,3,1,,2,3/18/2027
COMP066,AR-2021-COMP066,2021,1,5,2,2,5,4/16/2022
COMP066,AR-2022-COMP066,2022,4,3,5,5,5,4/3/2023
COMP066,AR-2023-COMP066,2023,1,5,2,,3,4/28/2024
COMP066,AR-2024-COMP066,2024,5,2,5,1,3,3/26/2025
COMP066,AR-2025-COMP066,2025,5,,1,4,4,5/14/2026
COMP066,AR-2026-COMP066,2026,1,1,5,,5,2/23/2027
COMP067,AR-2021-COMP067,2021,5,1,3,,4,3/7/2022
COMP067,AR-2022-COMP067,2022,3,4,5,5,1,4/27/2023
COMP067,AR-2023-COMP067,2023,5,3,4,,4,4/1/2024
COMP067,AR-2024-COMP067,2024,3,,,4,5,3/9/2025
COMP067,AR-2025-COMP067,2025,,4,3,,5,4/23/2026
COMP067,AR-2026-COMP067,2026,1,5,3,1,2,4/30/2027
COMP068,AR-2021-COMP068,2021,1,5,1,2,1,4/6/2022
COMP068,AR-2022-COMP068,2022,5,3,3,,3,3/4/2023
COMP068,AR-2023-COMP068,2023,1,1,5,2,1,5/24/2024
COMP068,AR-2024-COMP068,2024,,3,1,4,1,5/11/2025
COMP068,AR-2025-COMP068,2025,4,,5,4,5,3/17/2026
COMP068,AR-2026-COMP068,2026,5,2,2,4,1,5/30/2027
COMP069,AR-2021-COMP069,2021,3,4,1,,,5/21/2022
COMP069,AR-2022-COMP069,2022,5,4,1,3,3,5/26/2023
COMP069,AR-2023-COMP069,2023,2,5,4,3,5,3/14/2024
COMP069,AR-2024-COMP069,2024,4,5,2,3,4,2/13/2025
COMP069,AR-2025-COMP069,2025,4,5,3,2,4,4/1/2026
COMP069,AR-2026-COMP069,2026,5,1,3,1,,4/30/2027
COMP070,AR-2021-COMP070,2021,1,,3,2,3,2/28/2022
COMP070,AR-2022-COMP070,2022,5,3,1,5,4,4/11/2023
COMP070,AR-2023-COMP070,2023,5,4,1,2,2,3/28/2024
COMP070,AR-2024-COMP070,2024,4,2,,,5,4/14/2025
COMP070,AR-2025-COMP070,2025,3,1,5,4,3,2/20/2026
COMP070,AR-2026-COMP070,2026,3,5,2,,1,4/11/2027
COMP071,AR-2021-COMP071,2021,4,2,2,2,4,2/17/2022
COMP071,AR-2022-COMP071,2022,2,1,,3,1,4/19/2023
COMP071,AR-2023-COMP071,2023,3,1,,,3,5/29/2024
COMP071,AR-2024-COMP071,2024,1,5,1,2,,4/20/2025
COMP071,AR-2025-COMP071,2025,,1,2,,1,5/12/2026
COMP071,AR-2026-COMP071,2026,1,1,5,2,5,5/18/2027
COMP072,AR-2021-COMP072,2021,4,4,5,1,,3/29/2022
COMP072,AR-2022-COMP072,2022,,3,2,5,4,2/10/2023
COMP072,AR-2023-COMP072,2023,2,1,4,5,2,2/9/2024
COMP072,AR-2024-COMP072,2024,5,5,5,4,5,5/8/2025
COMP072,AR-2025-COMP072,2025,2,5,1,4,,2/2/2026
COMP072,AR-2026-COMP072,2026,4,2,,3,4,3/3/2027
COMP073,AR-2021-COMP073,2021,2,1,5,1,1,4/11/2022
COMP073,AR-2022-COMP073,2022,3,3,3,,3,5/4/2023
COMP073,AR-2023-COMP073,2023,4,3,,2,5,5/9/2024
COMP073,AR-2024-COMP073,2024,1,,4,2,2,4/29/2025
COMP073,AR-2025-COMP073,2025,5,,4,4,3,5/10/2026
COMP073,AR-2026-COMP073,2026,5,4,,3,3,3/8/2027
COMP074,AR-2021-COMP074,2021,2,1,2,,2,5/13/2022
COMP074,AR-2022-COMP074,2022,2,2,4,2,1,4/22/2023
COMP074,AR-2023-COMP074,2023,5,,,1,,5/15/2024
COMP074,AR-2024-COMP074,2024,4,1,1,1,5,3/17/2025
COMP074,AR-2025-COMP074,2025,1,1,5,5,2,4/5/2026
COMP074,AR-2026-COMP074,2026,,,,3,3,4/5/2027
COMP075,AR-2021-COMP075,2021,4,2,5,1,4,4/22/2022
COMP075,AR-2022-COMP075,2022,4,5,4,2,2,5/15/2023
COMP075,AR-2023-COMP075,2023,1,5,5,2,3,2/25/2024
COMP075,AR-2024-COMP075,2024,5,4,5,2,2,5/17/2025
COMP075,AR-2025-COMP075,2025,,1,1,2,5,4/13/2026
COMP075,AR-2026-COMP075,2026,1,1,2,1,5,2/15/2027
COMP076,AR-2021-COMP076,2021,5,2,1,4,4,3/25/2022
COMP076,AR-2022-COMP076,2022,3,3,4,2,1,2/1/2023
COMP076,AR-2023-COMP076,2023,2,5,2,1,,2/22/2024
COMP076,AR-2024-COMP076,2024,,,2,2,4,4/22/2025
COMP076,AR-2025-COMP076,2025,1,1,3,,,2/25/2026
COMP076,AR-2026-COMP076,2026,1,5,5,3,4,4/15/2027
COMP077,AR-2021-COMP077,2021,2,3,,4,5,4/23/2022
COMP077,AR-2022-COMP077,2022,4,3,,3,,2/10/2023
COMP077,AR-2023-COMP077,2023,,2,5,5,3,4/22/2024
COMP077,AR-2024-COMP077,2024,2,1,5,1,3,4/1/2025
COMP077,AR-2025-COMP077,2025,5,2,,2,1,5/26/2026
COMP077,AR-2026-COMP077,2026,4,1,5,1,5,5/17/2027
COMP078,AR-2021-COMP078,2021,4,1,2,5,3,2/13/2022
COMP078,AR-2022-COMP078,2022,5,2,2,1,,3/21/2023
COMP078,AR-2023-COMP078,2023,,5,5,2,,2/6/2024
COMP078,AR-2024-COMP078,2024,1,1,1,5,3,2/17/2025
COMP078,AR-2025-COMP078,2025,3,4,2,5,,3/28/2026
COMP078,AR-2026-COMP078,2026,1,4,5,4,5,2/23/2027
COMP079,AR-2021-COMP079,2021,3,,5,4,1,5/11/2022
COMP079,AR-2022-COMP079,2022,2,3,,4,,4/10/2023
COMP079,AR-2023-COMP079,2023,,4,2,1,3,3/21/2024
COMP079,AR-2024-COMP079,2024,2,5,1,2,4,5/27/2025
COMP079,AR-2025-COMP079,2025,1,,5,,3,4/15/2026
COMP079,AR-2026-COMP079,2026,2,4,5,4,2,3/16/2027
COMP080,AR-2021-COMP080,2021,3,2,5,3,1,3/4/2022
COMP080,AR-2022-COMP080,2022,,5,3,3,4,5/31/2023
COMP080,AR-2023-COMP080,2023,4,5,4,,5,4/11/2024
COMP080,AR-2024-COMP080,2024,4,5,3,,3,4/11/2025
COMP080,AR-2025-COMP080,2025,4,3,4,2,4,3/2/2026
COMP080,AR-2026-COMP080,2026,2,5,4,1,1,2/15/2027
COMP081,AR-2021-COMP081,2021,3,3,5,5,3,4/21/2022
COMP081,AR-2022-COMP081,2022,,2,5,3,,5/1/2023
COMP081,AR-2023-COMP081,2023,1,2,1,1,1,2/27/2024
COMP081,AR-2024-COMP081,2024,4,2,1,4,,2/8/2025
COMP081,AR-2025-COMP081,2025,5,3,2,2,5,5/11/2026
COMP081,AR-2026-COMP081,2026,5,4,3,5,5,3/29/2027
COMP082,AR-2021-COMP082,2021,,2,3,5,1,2/12/2022
COMP082,AR-2022-COMP082,2022,1,2,5,2,5,4/16/2023
COMP082,AR-2023-COMP082,2023,,4,5,1,4,4/29/2024
COMP082,AR-2024-COMP082,2024,4,1,3,,2,5/30/2025
COMP082,AR-2025-COMP082,2025,4,5,3,5,,2/14/2026
COMP082,AR-2026-COMP082,2026,3,2,,5,,3/1/2027
COMP083,AR-2021-COMP083,2021,4,2,3,4,1,5/19/2022
COMP083,AR-2022-COMP083,2022,1,5,2,2,5,2/8/2023
COMP083,AR-2023-COMP083,2023,5,4,,,4,3/1/2024
COMP083,AR-2024-COMP083,2024,3,5,2,5,5,5/15/2025
COMP083,AR-2025-COMP083,2025,2,2,2,2,,4/20/2026
COMP083,AR-2026-COMP083,2026,1,1,2,4,4,3/27/2027
COMP084,AR-2021-COMP084,2021,5,1,4,4,1,2/22/2022
COMP084,AR-2022-COMP084,2022,3,2,4,1,4,5/29/2023
COMP084,AR-2023-COMP084,2023,3,,,4,1,5/8/2024
COMP084,AR-2024-COMP084,2024,4,4,1,2,1,4/6/2025
COMP084,AR-2025-COMP084,2025,1,5,5,1,4,4/22/2026
COMP084,AR-2026-COMP084,2026,4,4,4,1,3,2/17/2027
COMP085,AR-2021-COMP085,2021,3,1,1,3,,2/11/2022
COMP085,AR-2022-COMP085,2022,,3,,3,2,3/5/2023
COMP085,AR-2023-COMP085,2023,2,1,4,2,3,4/8/2024
COMP085,AR-2024-COMP085,2024,5,4,1,1,4,2/1/2025
COMP085,AR-2025-COMP085,2025,2,5,3,1,1,4/23/2026
COMP085,AR-2026-COMP085,2026,4,,3,4,5,5/18/2027
COMP086,AR-2021-COMP086,2021,4,1,1,4,5,3/17/2022
COMP086,AR-2022-COMP086,2022,5,3,,3,3,3/29/2023
COMP086,AR-2023-COMP086,2023,,1,5,3,3,3/22/2024
COMP086,AR-2024-COMP086,2024,,5,4,3,1,3/16/2025
COMP086,AR-2025-COMP086,2025,2,5,1,,1,4/25/2026
COMP086,AR-2026-COMP086,2026,,3,1,3,3,5/1/2027
COMP087,AR-2021-COMP087,2021,2,1,,5,2,3/5/2022
COMP087,AR-2022-COMP087,2022,1,2,,2,,2/12/2023
COMP087,AR-2023-COMP087,2023,1,1,4,1,2,4/20/2024
COMP087,AR-2024-COMP087,2024,4,3,3,3,3,4/21/2025
COMP087,AR-2025-COMP087,2025,3,3,3,2,5,2/21/2026
COMP087,AR-2026-COMP087,2026,,2,2,5,2,4/21/2027
COMP088,AR-2021-COMP088,2021,,,2,1,2,4/23/2022
COMP088,AR-2022-COMP088,2022,4,3,4,,,3/10/2023
COMP088,AR-2023-COMP088,2023,1,1,4,3,3,5/6/2024
COMP088,AR-2024-COMP088,2024,,2,3,4,4,2/15/2025
COMP088,AR-2025-COMP088,2025,2,2,3,2,5,4/20/2026
COMP088,AR-2026-COMP088,2026,2,,4,2,,2/27/2027
COMP089,AR-2021-COMP089,2021,2,,1,4,1,3/1/2022
COMP089,AR-2022-COMP089,2022,4,,2,1,5,5/16/2023
COMP089,AR-2023-COMP089,2023,3,4,4,4,5,2/11/2024
COMP089,AR-2024-COMP089,2024,3,3,5,4,5,2/26/2025
COMP089,AR-2025-COMP089,2025,2,3,,,4,2/16/2026
COMP089,AR-2026-COMP089,2026,1,2,,1,4,2/5/2027
COMP090,AR-2021-COMP090,2021,,5,5,5,2,3/11/2022
COMP090,AR-2022-COMP090,2022,4,,5,2,5,2/12/2023
COMP090,AR-2023-COMP090,2023,1,1,2,3,1,2/20/2024
COMP090,AR-2024-COMP090,2024,5,1,5,,5,3/14/2025
COMP090,AR-2025-COMP090,2025,3,2,,5,4,2/17/2026
COMP090,AR-2026-COMP090,2026,2,3,4,5,1,3/8/2027
COMP091,AR-2021-COMP091,2021,4,,2,1,3,2/26/2022
COMP091,AR-2022-COMP091,2022,1,,5,,,3/6/2023
COMP091,AR-2023-COMP091,2023,5,5,4,4,5,4/9/2024
COMP091,AR-2024-COMP091,2024,1,4,1,2,3,2/2/2025
COMP091,AR-2025-COMP091,2025,4,3,1,1,1,5/31/2026
COMP091,AR-2026-COMP091,2026,1,,2,4,1,4/10/2027
COMP092,AR-2021-COMP092,2021,4,4,1,5,4,4/12/2022
COMP092,AR-2022-COMP092,2022,3,3,3,3,,2/8/2023
COMP092,AR-2023-COMP092,2023,,2,3,2,1,3/17/2024
COMP092,AR-2024-COMP092,2024,4,2,2,2,3,2/2/2025
COMP092,AR-2025-COMP092,2025,,3,3,1,,2/4/2026
COMP092,AR-2026-COMP092,2026,3,,5,4,5,2/8/2027
COMP093,AR-2021-COMP093,2021,5,4,2,2,5,3/18/2022
COMP093,AR-2022-COMP093,2022,4,2,5,5,5,3/14/2023
COMP093,AR-2023-COMP093,2023,1,5,1,3,,2/25/2024
COMP093,AR-2024-COMP093,2024,4,,,4,1,5/21/2025
COMP093,AR-2025-COMP093,2025,,4,,1,,3/15/2026
COMP093,AR-2026-COMP093,2026,5,,1,4,4,3/15/2027
COMP094,AR-2021-COMP094,2021,5,3,1,2,2,3/15/2022
COMP094,AR-2022-COMP094,2022,3,5,1,4,3,4/27/2023
COMP094,AR-2023-COMP094,2023,4,1,3,1,3,3/27/2024
COMP094,AR-2024-COMP094,2024,3,1,,5,3,4/11/2025
COMP094,AR-2025-COMP094,2025,2,2,5,5,1,5/18/2026
COMP094,AR-2026-COMP094,2026,5,5,2,1,2,4/25/2027
COMP095,AR-2021-COMP095,2021,4,,4,3,4,4/16/2022
COMP095,AR-2022-COMP095,2022,3,1,3,4,2,5/27/2023
COMP095,AR-2023-COMP095,2023,5,2,,4,4,4/29/2024
COMP095,AR-2024-COMP095,2024,5,5,4,5,1,2/19/2025
COMP095,AR-2025-COMP095,2025,3,5,3,4,1,3/6/2026
COMP095,AR-2026-COMP095,2026,4,1,5,5,2,5/18/2027
COMP096,AR-2021-COMP096,2021,4,,4,2,3,4/13/2022
COMP096,AR-2022-COMP096,2022,,1,3,2,,2/21/2023
COMP096,AR-2023-COMP096,2023,4,4,,2,2,5/14/2024
COMP096,AR-2024-COMP096,2024,4,1,2,1,5,5/2/2025
COMP096,AR-2025-COMP096,2025,5,4,2,1,,2/12/2026
COMP096,AR-2026-COMP096,2026,5,4,,4,4,3/18/2027
COMP097,AR-2021-COMP097,2021,5,1,1,1,2,3/10/2022
COMP097,AR-2022-COMP097,2022,5,5,5,2,1,5/6/2023
COMP097,AR-2023-COMP097,2023,3,3,4,5,5,5/25/2024
COMP097,AR-2024-COMP097,2024,3,2,5,2,,4/23/2025
COMP097,AR-2025-COMP097,2025,,3,4,4,5,2/8/2026
COMP097,AR-2026-COMP097,2026,5,3,3,5,3,2/26/2027
COMP098,AR-2021-COMP098,2021,3,3,5,,5,3/15/2022
COMP098,AR-2022-COMP098,2022,4,,,,2,2/22/2023
COMP098,AR-2023-COMP098,2023,1,4,3,2,2,2/10/2024
COMP098,AR-2024-COMP098,2024,3,3,4,3,5,3/17/2025
COMP098,AR-2025-COMP098,2025,1,3,1,1,1,5/27/2026
COMP098,AR-2026-COMP098,2026,5,1,2,3,2,2/25/2027
COMP099,AR-2021-COMP099,2021,,1,5,2,2,2/1/2022
COMP099,AR-2022-COMP099,2022,3,,3,4,2,3/5/2023
COMP099,AR-2023-COMP099,2023,2,,1,4,3,5/16/2024
COMP099,AR-2024-COMP099,2024,4,5,2,1,,4/2/2025
COMP099,AR-2025-COMP099,2025,1,2,2,5,,4/6/2026
COMP099,AR-2026-COMP099,2026,3,5,2,2,5,3/4/2027
COMP100,AR-2021-COMP100,2021,3,3,5,5,1,4/22/2022
COMP100,AR-2022-COMP100,2022,1,2,4,4,1,2/19/2023
COMP100,AR-2023-COMP100,2023,2,4,4,,5,3/9/2024
COMP100,AR-2024-COMP100,2024,5,,3,2,,3/21/2025
COMP100,AR-2025-COMP100,2025,1,1,5,2,2,5/18/2026
COMP100,AR-2026-COMP100,2026,5,,4,,,2/15/2027
